<?xml version="1.0" encoding="UTF-8" standalone="yes"?>
<addon id="plugin.video.Oxygenh20wizard.krypton" name="OxyGEN H2O (Krypton)" version="0.3.0" provider-name="OxyGEN H2O (Krypton)">
  <extension point="xbmc.python.pluginsource" library="default.py">
        <provides>video executable</provides>
  </extension>
  <extension point="xbmc.addon.metadata">
    <summary lang="en">OxyGEN H2O Wizard (Krypton)</summary>
    <description lang="en">OxyGEN H2O Wizard (Krypton).</description>
    <platform>all</platform>
  </extension>
</addon>
